{"metrics":{"iterations":{"type":"counter","contains":"default","values":{"count":26268,"rate":184.94049124303325}},"http_req_duration{expected_response:true}":{"type":"trend","contains":"time","values":{"avg":3481.5774156824814,"min":15.4823,"med":593.75365,"max":36379.4738,"p(90)":11106.145250000001,"p(95)":12944.873475}},"http_req_tls_handshaking":{"type":"trend","contains":"time","values":{"max":8686.2197,"p(90)":0,"p(95)":3929.6621399999976,"avg":318.55621933911993,"min":0,"med":0}},"http_req_waiting":{"type":"trend","contains":"time","values":{"p(95)":5009.280839999993,"avg":546.961600038067,"min":0,"med":0,"max":18725.1972,"p(90)":983.9560299999999}},"http_req_failed":{"type":"rate","contains":"default","values":{"rate":0.6647632099893407,"passes":17462,"fails":8806}},"http_reqs":{"type":"counter","contains":"default","values":{"count":26268,"rate":184.94049124303325}},"data_sent":{"type":"counter","contains":"data","values":{"count":2018366,"rate":14210.35478712639}},"http_req_receiving":{"type":"trend","contains":"time","values":{"med":0,"max":35386.486,"p(90)":892.1519999999964,"p(95)":3478.287744999967,"avg":617.0336443886094,"min":0}},"http_req_connecting":{"type":"trend","contains":"time","values":{"avg":289.53923942820234,"min":0,"med":0,"max":19905.1434,"p(90)":0,"p(95)":3049.0537749999917}},"vus":{"type":"gauge","contains":"default","values":{"value":105,"min":0,"max":10000}},"http_req_blocked":{"type":"trend","contains":"time","values":{"p(95)":8145.731165,"avg":613.5826130881683,"min":0,"med":0,"max":23404.5385,"p(90)":0}},"checks":{"type":"rate","contains":"default","values":{"rate":0.33523679001065937,"passes":8806,"fails":17462}},"data_received":{"type":"counter","contains":"data","values":{"count":195593747,"rate":1377082.5207189568}},"iteration_duration":{"type":"trend","contains":"time","values":{"avg":45759.64889555717,"min":1043.6973,"med":31842.57245,"max":100952.5738,"p(90)":90690.02974,"p(95)":91368.692385}},"vus_max":{"type":"gauge","contains":"default","values":{"max":10000,"value":10000,"min":467}},"http_req_duration":{"type":"trend","contains":"time","values":{"med":0,"max":36379.4738,"p(90)":5548.164659999997,"p(95)":9402.090429999998,"avg":1167.5585011534922,"min":0}},"http_req_sending":{"type":"trend","contains":"time","values":{"p(95)":1.0393,"avg":3.5632567268158892,"min":0,"med":0,"max":2724.814,"p(90)":0.52403}}},"root_group":{"name":"","path":"","id":"d41d8cd98f00b204e9800998ecf8427e","groups":[],"checks":[{"fails":17462,"name":"status was 200","path":"::status was 200","id":"1461660757a913d4fb82ac4c5e1009de","passes":8806}]},"options":{"summaryTimeUnit":"","noColor":false,"summaryTrendStats":["avg","min","med","max","p(90)","p(95)"]},"state":{"isStdOutTTY":true,"isStdErrTTY":true,"testRunDurationMs":142034.8774}}